{
  "view_id": 30,
  "ins_map": null,
  "objects": [
    {
      "obj_name": "cabinet",
      "obj_gt_id": 3,
      "tar_id": 73,
      "editor_mode": "translation",
      "distance": [-2.4],
      "obj_center": [3.7623934745788574, 0.774434506893158, -1.2633039951324463]
    }
  ]
}