{
  "view_id": 30,
  "ins_map": null,
  "objects": [
    {
      "obj_name": "cabinet",
      "obj_gt_id": null,
      "tar_id": 57,
      "editor_mode": "translation",
      "distance": [-2.4],
      "obj_center": [1.7759442329406738, 0.6290670037269592, -1.2724769115447998]
    }
  ]
}
